<!DOCTYPE hibernate-configuration PUBLIC "-//Hibernate/Hibernate Configuration DTD 3.0//EN"
        "http://www.hibernate.org/dtd/hibernate-configuration">

<hibernate-configuration>

    <session-factory>
        <!-- Configurações do Banco de Dados -->
        <property name="hibernate.dialect">org.sqlite.hibernate.dialect.SQLiteDialect</property>
        <property name="hibernate.connection.driver_class">org.sqlite.JDBC</property>
        <property name="hibernate.connection.url">jdbc:sqlite:database.sqlite</property>

        <!-- Configurações do Pool de Conexões -->
        <property name="hibernate.c3p0.min_size">5</property>
        <property name="hibernate.c3p0.max_size">20</property>
        <property name="hibernate.c3p0.timeout">300</property>
        <property name="hibernate.c3p0.max_statements">50</property>
        <property name="hibernate.c3p0.idle_test_period">3000</property>

        <property name="hibernate.hbm2ddl.auto">update</property>
        <property name="hibernate.show_sql">false</property>
        <property name="hibernate.format_sql">true</property>

        <!-- Mapeamento das Entidades -->
        <mapping class="model.Pessoa"/>
        <mapping class="model.Paciente"/>
        <mapping class="model.Funcionario"/>
        <mapping class="model.Recurso"/>
        <mapping class="model.Consulta"/>
        <mapping class="model.Atendimento"/>

    </session-factory>
</hibernate-configuration>
